{
  "timestamp": "2025-09-28T16:27:43.598271",
  "system_info": {
    "python_version": "3.12.3 (main, Aug 14 2025, 17:47:21) [GCC 13.3.0]",
    "cpu_count": 16,
    "total_memory_gb": 15.195487976074219,
    "available_memory_gb": 13.232887268066406,
    "disk_usage_gb": 250.92389297485352
  },
  "performance_metrics": {
    "data_processing": {
      "data_loading": {
        "avg_execution_time": 0.0157468318939209,
        "min_execution_time": 0.014999866485595703,
        "max_execution_time": 0.016493797302246094,
        "std_execution_time": 0.0007469654083251953,
        "avg_memory_delta": 0.369140625,
        "max_memory_delta": 0.703125,
        "avg_cpu_usage": 96.55000000000001,
        "success_rate": 1.0,
        "total_operations": 2
      },
      "data_validation": {
        "avg_execution_time": 0.00021338462829589844,
        "min_execution_time": 0.00021004676818847656,
        "max_execution_time": 0.0002167224884033203,
        "std_execution_time": 3.337860107421875e-06,
        "avg_memory_delta": 0.0,
        "max_memory_delta": 0.0,
        "avg_cpu_usage": 0.0,
        "success_rate": 1.0,
        "total_operations": 2
      }
    },
    "physics_mapping": {
      "physics_conversion": {
        "avg_execution_time": 0.00010600090026855469,
        "min_execution_time": 7.224082946777344e-05,
        "max_execution_time": 0.00019240379333496094,
        "std_execution_time": 3.593454441940493e-05,
        "avg_memory_delta": 0.0,
        "max_memory_delta": 0.0,
        "avg_cpu_usage": 369.815,
        "success_rate": 1.0,
        "total_operations": 20
      },
      "trajectory_resampling": {
        "avg_execution_time": 0.0007522106170654297,
        "min_execution_time": 0.00041675567626953125,
        "max_execution_time": 0.0023720264434814453,
        "std_execution_time": 0.0005015082059053398,
        "avg_memory_delta": 0.125,
        "max_memory_delta": 0.5,
        "avg_cpu_usage": 0.0,
        "success_rate": 1.0,
        "total_operations": 12
      }
    },
    "language_generation": {
      "instruction_generation": {
        "avg_execution_time": 6.767114003499349e-05,
        "min_execution_time": 4.38690185546875e-05,
        "max_execution_time": 0.00017523765563964844,
        "std_execution_time": 4.8172239710092635e-05,
        "avg_memory_delta": 0.0,
        "max_memory_delta": 0.0,
        "avg_cpu_usage": 0.0,
        "success_rate": 1.0,
        "total_operations": 6
      },
      "description_generation": {
        "avg_execution_time": 7.70886739095052e-05,
        "min_execution_time": 4.076957702636719e-05,
        "max_execution_time": 9.775161743164062e-05,
        "std_execution_time": 1.9241460934952432e-05,
        "avg_memory_delta": 0.0,
        "max_memory_delta": 0.0,
        "avg_cpu_usage": 0.0,
        "success_rate": 0.6666666666666666,
        "total_operations": 6
      },
      "explanation_generation": {
        "avg_execution_time": 0.00013264020284016928,
        "min_execution_time": 8.940696716308594e-05,
        "max_execution_time": 0.0003097057342529297,
        "std_execution_time": 7.968457155869176e-05,
        "avg_memory_delta": 0.0,
        "max_memory_delta": 0.0,
        "avg_cpu_usage": 0.0,
        "success_rate": 1.0,
        "total_operations": 6
      },
      "quality_assessment": {
        "avg_execution_time": 0.00010571479797363281,
        "min_execution_time": 7.224082946777344e-05,
        "max_execution_time": 0.0003097057342529297,
        "std_execution_time": 6.876325797595546e-05,
        "avg_memory_delta": 0.0,
        "max_memory_delta": 0.0,
        "avg_cpu_usage": 966.93,
        "success_rate": 1.0,
        "total_operations": 10
      }
    },
    "system_integration": {
      "config_read": {
        "avg_execution_time": 3.662347793579102e-05,
        "min_execution_time": 3.170967102050781e-05,
        "max_execution_time": 0.00010609626770019531,
        "std_execution_time": 9.406324246081595e-06,
        "avg_memory_delta": 0.0,
        "max_memory_delta": 0.0,
        "avg_cpu_usage": 0.0,
        "success_rate": 1.0,
        "total_operations": 100
      },
      "metrics_collection": {
        "avg_execution_time": 4.37164306640625e-05,
        "min_execution_time": 3.528594970703125e-05,
        "max_execution_time": 0.00017571449279785156,
        "std_execution_time": 2.103899134873844e-05,
        "avg_memory_delta": 0.0,
        "max_memory_delta": 0.0,
        "avg_cpu_usage": 0.0,
        "success_rate": 1.0,
        "total_operations": 50
      },
      "genesis_initialization": {
        "avg_execution_time": 1.8064156373341878,
        "min_execution_time": 5.555152893066406e-05,
        "max_execution_time": 5.419128179550171,
        "std_execution_time": 2.5545735370805116,
        "avg_memory_delta": 275.59375,
        "max_memory_delta": 826.78125,
        "avg_cpu_usage": 23.733333333333334,
        "success_rate": 0.3333333333333333,
        "total_operations": 3
      }
    }
  },
  "summary": {
    "data_processing": {
      "avg_execution_time": 0.007980108261108398,
      "total_operations": 4,
      "avg_success_rate": 1.0,
      "max_memory_usage_mb": 0.703125
    },
    "physics_mapping": {
      "avg_execution_time": 0.0004291057586669922,
      "total_operations": 32,
      "avg_success_rate": 1.0,
      "max_memory_usage_mb": 0.5
    },
    "language_generation": {
      "avg_execution_time": 9.57787036895752e-05,
      "total_operations": 28,
      "avg_success_rate": 0.9166666666666666,
      "max_memory_usage_mb": 0.0
    },
    "system_integration": {
      "avg_execution_time": 0.6021653257475958,
      "total_operations": 153,
      "avg_success_rate": 0.7777777777777778,
      "max_memory_usage_mb": 826.78125
    }
  }
}